INSERT INTO MsStaff(StaffID, StaffName, StaffGender)
VALUES
('ST001', 'John Smith', 'Male'),
('ST002', 'Emily Johnson', 'Female'),
('ST003', 'Michael Williams', 'Male'),
('ST004', 'Emma Jones', 'Female'),
('ST005', 'James Brown', 'Male'),
('ST006', 'Olivia Davis', 'Female'),
('ST007', 'Robert Miller', 'Male'),
('ST008', 'Sophia Wilson', 'Female'),
('ST009', 'William Taylor', 'Male'),
('ST010', 'Isabella Moore', 'Female'),
('ST011', 'David Anderson', 'Male'),
('ST012', 'Ava Jackson', 'Female'),
('ST013', 'Joseph Martinez', 'Male'),
('ST014', 'Mia Thompson', 'Female'),
('ST015', 'Daniel Harris', 'Male'),
('ST016', 'Charlotte Garcia', 'Female'),
('ST017', 'Alexander Robinson', 'Male'),
('ST018', 'Amelia Martinez', 'Female'),
('ST019', 'Matthew Clark', 'Male'),
('ST020', 'Ella Rodriguez', 'Female'),
('ST021', 'Nathan Smith', 'Male'),
('ST022', 'Sophie Johnson', 'Female'),
('ST023', 'Ethan Williams', 'Male'),
('ST024', 'Olivia Brown', 'Female'),
('ST025', 'Mason Taylor', 'Male');

INSERT INTO MsHotel(HotelID, HotelName, HotelAddress, HotelPhoneNumber, HotelEmail)
VALUES
('HO001', 'Four Seasons Resort Bali at Sayan', 'Sayan, Ubud, Gianyar, Bali 80571, Indonesia', '(021)1234567', 'info@fourseasons-bali.com'),
('HO002', 'Aman Tokyo', '1-5-6 Otemachi, Chiyoda-ku, Tokyo 100-0004, Japan', '(021)2345678', 'info@aman-tokyo.com'),
('HO003', 'Burj Al Arab Jumeirah', 'Jumeirah St, Umm Suqeim, Dubai, United Arab Emirates', '(021)3456789', 'info@burj-al-arab.com'),
('HO004', 'The Ritz-Carlton, Hong Kong', 'International Commerce Centre, 1 Austin Road West, Kowloon, Hong Kong', '(021)4567890', 'info@ritzcarlton-hk.com'),
('HO005', 'Mandarin Oriental, Bangkok', '48 Oriental Avenue, Bangkok 10500, Thailand', '(021)5678901', 'info@mandarinoriental-bkk.com'),
('HO006', 'Rosewood Hotel Georgia', '801 W Georgia St, Vancouver, BC V6C 1P7, Canada', '(021)6789012', 'info@rosewoodhotelgeorgia.com'),
('HO007', 'Belmond Hotel Caruso', 'Piazza San Giovanni del Toro, 2, 84010 Ravello SA, Italy', '(021)7890123', 'info@belmondhotelcaruso.com'),
('HO008', 'Soneva Jani', 'Medhufaru Island, Noonu Atoll, Maldives', '(021)8901234', 'info@sonevajani.com'),
('HO009', 'The Peninsula Paris', '19 Avenue Kléber, 75116 Paris, France', '(021)9012345', 'info@peninsula-paris.com'),
('HO010', 'The Ritz London', '150 Piccadilly, St. James, London W1J 9BR, United Kingdom', '(021)0123456', 'info@ritzlondon.com'),
('HO011', 'Nihi Sumba', 'Nihiwatu, Wanokaka, Hu, Kabupaten Sumba Barat, Nusa Tenggara Timur, Indonesia', '(021)1234567', 'info@nihi-sumba.com'),
('HO012', 'La Mamounia', 'Avenue Bab Jdid, Marrakesh 40040, Morocco', '(021)2345678', 'info@lamamounia.com'),
('HO013', 'The Oberoi Udaivilas', 'Haridasji Ki Magri, Udaipur, Rajasthan 313001, India', '(021)3456789', 'info@oberoiudaivilas.com'),
('HO014', 'Raffles Hotel Singapore', '1 Beach Rd, Singapore 189673', '(021)4567890', 'info@raffles-singapore.com'),
('HO015', 'Waldorf Astoria Beverly Hills', '9850 Wilshire Blvd, Beverly Hills, CA 90210, United States', '(021)5678901', 'info@waldorfastoriabh.com'),
('HO016', 'Singita Kruger National Park', 'Singita, Kruger National Park, South Africa', '(021)6789012', 'info@singita-kruger.com'),
('HO017', 'Majestic Hotel and Spa Barcelona', 'Passeig de Gràcia, 68, 08007 Barcelona, Spain', '(021)7890123', 'info@majestichotelbarcelona.com'),
('HO018', 'Alila Villas Uluwatu', 'Jl. Belimbing Sari, Banjar Tambiyak, Desa Pecatu, Uluwatu, Bali 80364, Indonesia', '(021)8901234', 'info@alilavillasuluwatu.com'),
('HO019', 'Borgo Egnazia', 'Strada Comunale Egnazia, 72015 Savelletri BR, Italy', '(021)9012345', 'info@borgoegnazia.com'),
('HO020', 'Qualia, Hamilton Island', '20 Whitsunday Blvd, Hamilton Island QLD 4803, Australia', '(021)0123456', 'info@qualia-hamiltonisland.com');

INSERT INTO MsService(ServiceID, ServiceName, ServicePrice)
VALUES
('SE001', 'Airport Shuttle Service', 50000),
('SE002', 'Spa Treatment - 60 Minutes', 120000),
('SE003', 'Fine Dining Experience', 250000),
('SE004', 'Room Upgrade to Suite', 400000),
('SE005', 'Private Guided City Tour', 150000),
('SE006', 'Champagne and Chocolates on Arrival', 75000),
('SE007', 'Personal Butler Service', 80000),
('SE008', 'Gourmet Breakfast in Bed', 60000),
('SE009', 'Wine Tasting Experience', 90000),
('SE010', 'Private Beach Cabana Rental', 200000),
('SE011', 'Golf Course Access and Equipment Rental', 300000),
('SE012', 'Evening Turndown Service with Nightcap', 45000),
('SE013', 'Yoga or Pilates Session', 70000),
('SE014', 'Personal Shopping Assistant', 80000),
('SE015', 'Couples Massage Package', 180000),
('SE016', 'Cooking Class with Executive Chef', 250000),
('SE017', 'Scuba Diving Excursion', 350000),
('SE018', 'Live Entertainment or Cultural Performance', 120000),
('SE019', 'Personal Training Session at Fitness Center', 85000),
('SE020', 'Limo Service for City Tours', 500000);

INSERT INTO RoomDetail(RoomID, RoomTypeName, RoomPrice)
VALUES
('RT001', 'King', 1500000),
('RT002', 'Executive Suite', 3000000),
('RT003', 'Ocean View Villa', 4000000),
('RT004', 'Luxury Bungalow', 2500000),
('RT005', 'Penthouse Loft', 4500000),
('RT006', 'Garden Cottage', 2000000),
('RT007', 'Junior Suite', 1800000),
('RT008', 'Family Room with Balcony', 2200000),
('RT009', 'Beachfront Chalet', 3500000),
('RT010', 'Presidential Suite', 5000000),
('RT011', 'Mountain View Retreat', 2800000),
('RT012', 'Spa Suite', 3200000),
('RT013', 'Business', 1700000),
('RT014', 'Grand Villa', 4200000),
('RT015', 'Safari Tent', 1600000),
('RT016', 'Skyline Apartment', 2700000),
('RT017', 'Riverfront Room', 2300000),
('RT018', 'Lakeside Lodge', 3500000),
('RT019', 'Urban Loft', 1900000),
('RT020', 'Traditional Japanese Ryokan', 3800000);

INSERT INTO MsRoom(RoomNumber, RoomID)
VALUES
(101, 'RT001'),
(102, 'RT002'),
(103, 'RT013'),
(104, 'RT004'),
(105, 'RT005'),
(106, 'RT001'),
(107, 'RT013'),
(108, 'RT008'),
(109, 'RT009'),
(110, 'RT001'),
(201, 'RT011'),
(202, 'RT012'),
(203, 'RT013'),
(204, 'RT014'),
(205, 'RT015'),
(206, 'RT001'),
(207, 'RT017'),
(208, 'RT018'),
(209, 'RT013'),
(210, 'RT001');

INSERT INTO MsCustomer(CustomerID, CustomerName, CustomerAddress, CustomerPhoneNumber, CustomerEmail, CustomerGender)
VALUES
('CU001', 'Julius Caesar', '123 Main Street, Cityville', '+62123-456-7890', 'julius.caesar@example.com', 'Male'),
('CU002', 'Maria Clarin', '456 Elm Street, Townsville', '+62456-789-0123', 'maria.clarin@example.com', 'Female'),
('CU003', 'Stanislaus Satrio', '789 Oak Street, Villagetown', '+62789-012-3456', 'stanislaus.satrio@example.com', 'Male'),
('CU004', 'Kayla Aurelia', '321 Maple Street, Hamletville', '+62321-654-9870', 'kayla.aurelia@example.com', 'Female'),
('CU005', 'Yohanes Michael Mindo', '654 Pine Street, Suburbia', '+62654-987-3210', 'yohanes.michael@example.com', 'Male'),
('CU006', 'Janice Kaori', '987 Cedar Street, Countryside', '+62987-321-6540', 'janice.kaori@example.com', 'Female'),
('CU007', 'Rason Yudha Pati', '234 Birch Street, Hamletville', '+62234-567-8901', 'rason.yudha@example.com', 'Male'),
('CU008', 'Jesseline Sebbas', '567 Willow Street, Villagetown', '+62567-890-1234', 'jesseline.sebbas@example.com', 'Female'),
('CU009', 'Gregorius Jodan Perminas', '890 Oak Street, Countryside', '+62890-123-4567', 'gregorius.jodan@example.com', 'Male'),
('CU010', 'Rachel Retor', '123 Spruce Street, Suburbia', '+62123-456-7890', 'rachel.retor@example.com', 'Female'),
('CU011', 'Rafael Albertus', '456 Pine Street, Cityville', '+62456-789-0123', 'rafael.albertus@example.com', 'Male'),
('CU012', 'Harleyta Athlaya', '789 Birch Street, Townsville', '+62789-012-3456', 'harleyta.athlaya@example.com', 'Female'),
('CU013', 'Tobias Raditya', '321 Maple Street, Countryside', '+62321-654-9870', 'tobias.raditya@example.com', 'Male'),
('CU014', 'Cherryl Chandra', '654 Willow Street, Suburbia', '+62654-987-3210', 'cherryl.chandra@example.com', 'Female'),
('CU015', 'Jason Susanto', '987 Cedar Street, Hamletville', '+62987-321-6540', 'jason.susanto@example.com', 'Male'),
('CU016', 'Gabriel Wong', '234 Birch Street, Cityville', '+62234-567-8901', 'gabriel.wong@example.com', 'Female'),
('CU017', 'William Turner', '567 Spruce Street, Villagetown', '+62567-890-1234', 'william.turner@example.com', 'Male'),
('CU018', 'Natasia Adeline', '890 Oak Street, Countryside', '+62890-123-4567', 'natasia.adeline@example.com', 'Female'),
('CU019', 'Juan Cortez', '123 Maple Street, Suburbia', '+62123-456-7890', 'juan.cortez@example.com', 'Male'),
('CU020', 'Meliora Tenggara', '456 Cedar Street, Townsville', '+62456-789-0123', 'meliora.tenggara@example.com', 'Female'),
('CU021', 'Kezia Meilany Tandapai', 'Jl. Merdeka No. 10', '+6285212345678', 'kezia.tandapai@example.com', 'Female'),
('CU022', 'You Venz', 'Jl. Pahlawan No. 20', '+6285323456789', 'you.venz@example.com', 'Male'),
('CU023', 'Gabriella Happy', 'Jl. Diponegoro No. 30', '+6285434567890', 'gabriella.happy@example.com', 'Female'),
('CU024', 'Takeshi Henderson', 'Jl. Gajah Mada No. 40', '+6285545678901', 'takeshi.henderson@example.com', 'Male'),
('CU025', 'Donnie Wang', 'Jl. Sudirman No. 50', '+6285656789012', 'donnie.wang@example.com', 'Male');

INSERT INTO MsPayment(PaymentID, PaymentMethod)
VALUES
('PM001', 'Cash'),
('PM002', 'Debit Card'),
('PM003', 'Credit Card');

INSERT INTO TransactionHeader(TransactionID, CustomerID, RoomNumber, CheckInDate, CheckOutDate, ServiceDiscount, LateCheckOutHours, PaymentID, StaffID, HotelID)
VALUES
('TR001', 'CU001', 101, '2023-12-01', '2023-12-02', 0.1, '08:00:00', 'PM001', 'ST001', 'HO001'),
('TR002', 'CU002', 102, '2023-12-03', '2023-12-05', 0.15, '06:00:00', 'PM002', 'ST002', 'HO002'),
('TR003', 'CU003', 103, '2023-12-07', '2023-12-10', 0.2, '04:00:00', 'PM003', 'ST003', 'HO003'),
('TR004', 'CU004', 104, '2023-12-12', '2023-12-16', 0.1, '02:00:00', 'PM001', 'ST004', 'HO004'),
('TR005', 'CU005', 105, '2023-12-15', '2023-12-20', 0.15, '08:00:00', 'PM002', 'ST005', 'HO005'),
('TR006', 'CU006', 106, '2023-12-18', '2023-12-24', 0.2, '06:00:00', 'PM003', 'ST006', 'HO006'),
('TR007', 'CU007', 107, '2023-12-20', '2023-12-28', 0.1, '04:00:00', 'PM001', 'ST007', 'HO007'),
('TR008', 'CU008', 108, '2023-12-24', '2024-01-01', 0.15, '02:00:00', 'PM002', 'ST008', 'HO008'),
('TR009', 'CU009', 109, '2023-12-27', '2024-01-04', 0.2, '08:00:00', 'PM003', 'ST009', 'HO009'),
('TR010', 'CU010', 110, '2023-12-30', '2024-01-08', 0.1, '06:00:00', 'PM001', 'ST010', 'HO010'),
('TR011', 'CU011', 201, '2024-01-01', '2024-01-10', 0.15, '04:00:00', 'PM002', 'ST011', 'HO011'),
('TR012', 'CU012', 202, '2024-01-03', '2024-01-12', 0.2, '02:00:00', 'PM003', 'ST012', 'HO012'),
('TR013', 'CU013', 203, '2024-01-05', '2024-01-14', 0.1, '08:00:00', 'PM001', 'ST013', 'HO013'),
('TR014', 'CU014', 204, '2024-01-08', '2024-01-16', 0.15, '06:00:00', 'PM002', 'ST014', 'HO014'),
('TR015', 'CU015', 205, '2024-01-10', '2024-01-18', 0.2, '04:00:00', 'PM003', 'ST015', 'HO015'),
('TR016', 'CU016', 206, '2024-01-12', '2024-01-20', 0.1, '02:00:00', 'PM001', 'ST016', 'HO016'),
('TR017', 'CU017', 207, '2024-01-15', '2024-01-24', 0.15, '08:00:00', 'PM002', 'ST017', 'HO017'),
('TR018', 'CU018', 208, '2024-01-18', '2024-01-28', 0.2, '06:00:00', 'PM003', 'ST018', 'HO018'),
('TR019', 'CU019', 209, '2024-01-20', '2024-01-30', 0.1, '04:00:00', 'PM001', 'ST019', 'HO019'),
('TR020', 'CU020', 210, '2024-01-22', '2024-01-31', 0.15, '02:00:00', 'PM002', 'ST020', 'HO020'),
('TR021', 'CU021', 101, '2024-01-24', '2024-02-02', 0.2, '08:00:00', 'PM003', 'ST021', 'HO001'),
('TR022', 'CU022', 102, '2024-01-26', '2024-02-05', 0.1, '06:00:00', 'PM001', 'ST022', 'HO002'),
('TR023', 'CU023', 103, '2024-01-28', '2024-02-08', 0.15, '04:00:00', 'PM002', 'ST023', 'HO003'),
('TR024', 'CU024', 104, '2024-01-30', '2024-02-10', 0.2, '02:00:00', 'PM003', 'ST024', 'HO004'),
('TR025', 'CU025', 105, '2024-02-01', '2024-02-12', 0.1, '08:00:00', 'PM001', 'ST025', 'HO005');



INSERT INTO TransactionDetail(TransactionID, ServiceID, ServiceDate, ServiceQuantity)
VALUES
('TR001', 'SE001', '2023-12-01', 2),
('TR001', 'SE002', '2023-12-02', 1),
('TR001', 'SE003', '2023-12-03', 1),
('TR002', 'SE004', '2023-12-03', 3),
('TR002', 'SE005', '2023-12-04', 2),
('TR003', 'SE006', '2023-12-05', 1),
('TR003', 'SE007', '2023-12-06', 2),
('TR004', 'SE008', '2023-12-07', 1),
('TR004', 'SE009', '2023-12-08', 1),
('TR005', 'SE010', '2023-12-09', 2),
('TR005', 'SE011', '2023-12-10', 1),
('TR006', 'SE012', '2023-12-11', 3),
('TR006', 'SE013', '2023-12-12', 2),
('TR007', 'SE014', '2023-12-13', 1),
('TR007', 'SE015', '2023-12-14', 1),
('TR008', 'SE016', '2023-12-15', 2),
('TR008', 'SE017', '2023-12-16', 2),
('TR009', 'SE018', '2023-12-17', 1),
('TR009', 'SE019', '2023-12-18', 1),
('TR010', 'SE020', '2023-12-19', 2),
('TR010', 'SE001', '2023-12-20', 1),
('TR011', 'SE002', '2024-01-01', 2),
('TR011', 'SE003', '2024-01-02', 1),
('TR012', 'SE004', '2024-01-03', 1),
('TR012', 'SE005', '2024-01-04', 1);

